<roblox xmlns:xmime="http://www.w3.org/2005/05/xmlmime" xmlns:xsi="http://www.w3.org/2001/XMLSchema-instance" xsi:noNamespaceSchemaLocation="http://www.roblox.com/roblox.xsd" version="4">
  <Item class="ReflectionMetadataClasses">

    <Item class="ReflectionMetadataClass">
      <Properties>
        <string name="Name">TouchTransmitter</string>
        <string name="summary">Used by networking and replication code to transmit touch events - no other purpose</string>
        <bool name="Preliminary">true</bool>
        <string name="ExplorerOrder">3</string>
        <string name="ExplorerImageIndex">37</string>
      </Properties>
    </Item>
    <Item class="ReflectionMetadataClass">
      <Properties>
        <string name="Name">ForceField</string>
        <string name="summary">Prevents joint breakage from explosions, and stops Humanoids from taking damage</string>
        <string name="ExplorerOrder">3</string>
        <string name="ExplorerImageIndex">37</string>
      </Properties>
    </Item>
    <Item class="ReflectionMetadataClass">
      <Properties>
        <string name="Name">DynamicRotate</string>
        <bool name="Preliminary">true</bool>
      </Properties>
    </Item>
    <Item class="ReflectionMetadataClass">
      <Properties>
        <string name="Name">Glue</string>
      </Properties>
    </Item>
    <Item class="ReflectionMetadataClass">
      <Properties>
        <string name="Name">Hat</string>
        <string name="ExplorerOrder">3</string>
        <string name="ExplorerImageIndex">45</string>
      </Properties>
    </Item>
    <Item class="ReflectionMetadataClass">
      <Properties>
        <string name="Name">LocalBackpack</string>
      </Properties>
    </Item>
    <Item class="ReflectionMetadataClass">
      <Properties>
        <string name="Name">LocalBackpackItem</string>
      </Properties>
    </Item>
    <Item class="ReflectionMetadataClass">
      <Properties>
        <string name="Name">MotorFeature</string>
      </Properties>
    </Item>
    <Item class="ReflectionMetadataClass">
      <Properties>
        <string name="Name">Mouse</string>
      </Properties>
    </Item>
    <Item class="ReflectionMetadataClass">
      <Properties>
        <string name="Name">NetworkMarker</string>
      </Properties>
    </Item>
    <Item class="ReflectionMetadataClass">
      <Properties>
        <string name="Name">ProfilingItem</string>
      </Properties>
    </Item>
    <Item class="ReflectionMetadataClass">
      <Properties>
        <string name="Name">ChangeHistoryService</string>
      </Properties>
    </Item>
    <Item class="ReflectionMetadataClass">
      <Properties>
        <string name="Name">RotateP</string>
      </Properties>
    </Item>
    <Item class="ReflectionMetadataClass">
      <Properties>
        <string name="Name">RotateV</string>
      </Properties>
    </Item>
    <Item class="ReflectionMetadataClass">
      <Properties>
        <string name="Name">ScriptContext</string>
      </Properties>
    </Item>
    <Item class="ReflectionMetadataClass">
      <Properties>
        <string name="Name">Selection</string>
      </Properties>
    </Item>
    <Item class="ReflectionMetadataClass">
      <Properties>
        <string name="Name">VelocityMotor</string>
      </Properties>
    </Item>
    <Item class="ReflectionMetadataClass">
      <Properties>
        <string name="Name">Weld</string>
        <string name="ExplorerOrder">20</string>
        <string name="ExplorerImageIndex">34</string>
      </Properties>
    </Item>
    <Item class="ReflectionMetadataClass">
      <Properties>
        <string name="Name">TaskScheduler</string>
      </Properties>
    </Item>
    <Item class="ReflectionMetadataClass">
      <Properties>
        <string name="Name">StatsItem</string>
      </Properties>
    </Item>
    <Item class="ReflectionMetadataClass">
      <Properties>
        <string name="Name">Snap</string>
      </Properties>
    </Item>
    <Item class="ReflectionMetadataClass">
      <Properties>
        <string name="Name">FileMesh</string>
        <bool name="Preliminary">true</bool>
      </Properties>
    </Item>
    <Item class="ReflectionMetadataClass">
      <Properties>
        <string name="Name">ClickDetector</string>
        <string name="summary">Raises mouse events for parent object</string>
        <string name="ExplorerOrder">3</string>
        <string name="ExplorerImageIndex">41</string>
      </Properties>
    </Item>

    <Item class="ReflectionMetadataClass">
      <Properties>
        <string name="Name">Clothing</string>
        <string name="ExplorerOrder">0</string>
      </Properties>
    </Item>

    <Item class="ReflectionMetadataClass">
      <Properties>
        <string name="Name">Smoke</string>
        <string name="summary">Makes the parent part or model object emit smoke</string>
        <bool name="Preliminary">true</bool>
        <string name="ExplorerOrder">3</string>
        <string name="ExplorerImageIndex">59</string>
      </Properties>
    </Item>
    <Item class="ReflectionMetadataClass">
      <Properties>
        <string name="Name">Sparkles</string>
        <string name="summary">Makes the parent part or model object fantastic</string>
        <string name="ExplorerOrder">3</string>
        <string name="ExplorerImageIndex">42</string>
      </Properties>
    </Item>
    <Item class="ReflectionMetadataClass">
      <Properties>
        <string name="Name">Explosion</string>
        <string name="ExplorerOrder">3</string>
        <string name="ExplorerImageIndex">36</string>
      </Properties>
    </Item>
    <Item class="ReflectionMetadataClass">
      <Properties>
        <string name="Name">Fire</string>
        <string name="summary">Makes the parent part or model object emit fire</string>
        <string name="ExplorerOrder">3</string>
        <string name="ExplorerImageIndex">61</string>
      </Properties>
    </Item>
    <Item class="ReflectionMetadataClass">
      <Properties>
        <string name="Name">Seat</string>
        <bool name="Preliminary">true</bool>
        <string name="ExplorerOrder">3</string>
        <string name="ExplorerImageIndex">35</string>
      </Properties>
    </Item>
    <Item class="ReflectionMetadataClass">
      <Properties>
        <string name="Name">Platform</string>
        <bool name="Preliminary">true</bool>
        <string name="summary">Equivalent to a seat, except that the character stands up rather than sits down.</string>
        <string name="ExplorerOrder">3</string>
        <string name="ExplorerImageIndex">35</string>
      </Properties>
    </Item>
    <Item class="ReflectionMetadataClass">
      <Properties>
        <string name="Name">SkateboardPlatform</string>
        <bool name="Preliminary">true</bool>
        <string name="ExplorerOrder">3</string>
        <string name="ExplorerImageIndex">35</string>
      </Properties>
    </Item>
    <Item class="ReflectionMetadataClass">
      <Properties>
        <string name="Name">VehicleSeat</string>
        <string name="summary">Automatically finds and powers hinge joints in an assembly.  Ignores motors.</string>
        <string name="ExplorerOrder">3</string>
        <string name="ExplorerImageIndex">35</string>
      </Properties>
    </Item>
    <Item class="ReflectionMetadataClass">
      <Properties>
        <string name="Name">Tool</string>
        <string name="ExplorerOrder">3</string>
        <string name="ExplorerImageIndex">17</string>
      </Properties>
    </Item>
    <Item class="ReflectionMetadataClass">
      <Properties>
        <string name="Name">Flag</string>
        <string name="ExplorerOrder">3</string>
        <string name="ExplorerImageIndex">38</string>
      </Properties>
    </Item>
    <Item class="ReflectionMetadataClass">
      <Properties>
        <string name="Name">FlagStand</string>
        <string name="ExplorerOrder">3</string>
        <string name="ExplorerImageIndex">39</string>
      </Properties>
    </Item>
    <Item class="ReflectionMetadataClass">
      <Properties>
        <string name="Name">BackpackItem</string>
        <string name="ExplorerOrder">0</string>
      </Properties>
    </Item>
    <Item class="ReflectionMetadataClass">
      <Properties>
        <string name="Name">Decal</string>
        <string name="ExplorerOrder">4</string>
        <string name="ExplorerImageIndex">7</string>
      </Properties>
    </Item>
    <Item class="ReflectionMetadataClass">
      <Properties>
        <string name="Name">JointInstance</string>
        <string name="ExplorerOrder">20</string>
        <string name="ExplorerImageIndex">34</string>
      </Properties>
    </Item>
    <Item class="ReflectionMetadataClass">
      <Properties>
        <string name="Name">Message</string>
        <string name="ExplorerOrder">11</string>
        <string name="ExplorerImageIndex">33</string>
      </Properties>
    </Item>
    <Item class="ReflectionMetadataClass">
      <Properties>
        <string name="Name">Hint</string>
        <bool name="Deprecated">true</bool>
        <string name="ExplorerOrder">11</string>
        <string name="ExplorerImageIndex">33</string>
      </Properties>
    </Item>
    <Item class="ReflectionMetadataClass">
      <Properties>
        <string name="Name">IntValue</string>
        <string name="ExplorerOrder">3</string>
        <string name="ExplorerImageIndex">4</string>
      </Properties>
    </Item>
    <Item class="ReflectionMetadataClass">
      <Properties>
        <string name="Name">BoolValue</string>
        <string name="ExplorerOrder">3</string>
        <string name="ExplorerImageIndex">4</string>
      </Properties>
    </Item>
    <Item class="ReflectionMetadataClass">
      <Properties>
        <string name="Name">NumberValue</string>
        <string name="ExplorerOrder">3</string>
        <string name="ExplorerImageIndex">4</string>
      </Properties>
    </Item>
    <Item class="ReflectionMetadataClass">
      <Properties>
        <string name="Name">StringValue</string>
        <string name="ExplorerOrder">3</string>
        <string name="ExplorerImageIndex">4</string>
      </Properties>
    </Item>
    <Item class="ReflectionMetadataClass">
      <Properties>
        <string name="Name">Vector3Value</string>
        <string name="ExplorerOrder">3</string>
        <string name="ExplorerImageIndex">4</string>
      </Properties>
    </Item>
    <Item class="ReflectionMetadataClass">
      <Properties>
        <string name="Name">CFrameValue</string>
        <string name="ExplorerOrder">3</string>
        <string name="ExplorerImageIndex">4</string>
      </Properties>
    </Item>
    <Item class="ReflectionMetadataClass">
      <Properties>
        <string name="Name">Color3Value</string>
        <string name="ExplorerOrder">3</string>
        <string name="ExplorerImageIndex">4</string>
      </Properties>
    </Item>
    <Item class="ReflectionMetadataClass">
      <Properties>
        <string name="Name">BrickColorValue</string>
        <string name="ExplorerOrder">3</string>
        <string name="ExplorerImageIndex">4</string>
      </Properties>
    </Item>
    <Item class="ReflectionMetadataClass">
      <Properties>
        <string name="Name">ObjectValue</string>
        <string name="ExplorerOrder">3</string>
        <string name="ExplorerImageIndex">4</string>
      </Properties>
    </Item>
    <Item class="ReflectionMetadataClass">
      <Properties>
        <string name="Name">SpecialMesh</string>
        <string name="ExplorerOrder">3</string>
        <string name="ExplorerImageIndex">8</string>
      </Properties>
    </Item>
    <Item class="ReflectionMetadataClass">
      <Properties>
        <string name="Name">BlockMesh</string>
        <string name="ExplorerOrder">3</string>
        <string name="ExplorerImageIndex">8</string>
        <bool name="Preliminary">true</bool>
      </Properties>
    </Item>
    <Item class="ReflectionMetadataClass">
      <Properties>
        <string name="Name">CylinderMesh</string>
        <string name="ExplorerOrder">3</string>
        <string name="ExplorerImageIndex">8</string>
        <bool name="Preliminary">true</bool>
      </Properties>
    </Item>
    <Item class="ReflectionMetadataClass">
      <Properties>
        <string name="Name">BevelMesh</string>
        <bool name="Browsable">false</bool>
        <bool name="Preliminary">true</bool>
      </Properties>
    </Item>
    <Item class="ReflectionMetadataClass">
      <Properties>
        <string name="Name">DataModelMesh</string>
        <bool name="Browsable">false</bool>
        <bool name="Preliminary">true</bool>
      </Properties>
    </Item>
    <Item class="ReflectionMetadataClass">
      <Properties>
        <string name="Name">Texture</string>
        <string name="ExplorerOrder">4</string>
        <string name="ExplorerImageIndex">10</string>
      </Properties>
    </Item>
    <Item class="ReflectionMetadataClass">
      <Properties>
        <string name="Name">Sound</string>
        <string name="ExplorerOrder">1</string>
        <string name="ExplorerImageIndex">11</string>
      </Properties>
    </Item>
    <Item class="ReflectionMetadataClass">
      <Properties>
        <string name="Name">StockSound</string>
        <string name="Browsable">false</string>
        <string name="ExplorerOrder">-1</string>
      </Properties>
    </Item>
    <Item class="ReflectionMetadataClass">
      <Properties>
        <string name="Name">SoundService</string>
        <string name="ExplorerOrder">50</string>
        <string name="ExplorerImageIndex">31</string>
      </Properties>
      <Item class="ReflectionMetadataProperties">

        <Item class="ReflectionMetadataMember">
          <Properties>
            <string name="Name">AmbientReverb</string>
            <bool name="Preliminary">true</bool>
            <string name="summary">The ambient sound environment.  May not work when using hardware sound</string>
          </Properties>
        </Item>
        <Item class="ReflectionMetadataMember">
          <Properties>
            <string name="Name">DopplerScale</string>
            <bool name="Preliminary">true</bool>
            <string name="summary">The doppler scale is a general scaling factor for how much the pitch varies due to doppler shifting in 3D sound. Doppler is the pitch bending effect when a sound comes towards the listener or moves away from it, much like the effect you hear when a train goes past you with its horn sounding. With dopplerscale you can exaggerate or diminish the effect.</string>
          </Properties>
        </Item>
        <Item class="ReflectionMetadataMember">
          <Properties>
            <string name="Name">DistanceFactor</string>
            <bool name="Preliminary">true</bool>
            <string name="summary">the relative distance factor, compared to 1.0 meters.</string>
          </Properties>
        </Item>
        <Item class="ReflectionMetadataMember">
          <Properties>
            <string name="Name">RolloffScale</string>
            <bool name="Preliminary">true</bool>
            <string name="summary">Setting this value makes the sound drop off faster or slower. The higher the value, the faster volume will attenuate, and conversely the lower the value, the slower it will attenuate. For example a rolloff factor of 1 will simulate the real world, where as a value of 2 will make sounds attenuate 2 times quicker.</string>
          </Properties>
        </Item>
      </Item>
    </Item>
    <Item class="ReflectionMetadataClass">
      <Properties>
        <string name="Name">Backpack</string>
        <string name="ExplorerOrder">3</string>
        <string name="ExplorerImageIndex">20</string>
      </Properties>
    </Item>
    <Item class="ReflectionMetadataClass">
      <Properties>
        <string name="Name">StarterPack</string>
        <string name="ExplorerOrder">3</string>
        <string name="ExplorerImageIndex">20</string>
      </Properties>
    </Item>
    <Item class="ReflectionMetadataClass">
      <Properties>
        <string name="Name">StarterGear</string>
        <string name="ExplorerOrder">3</string>
        <string name="ExplorerImageIndex">20</string>
      </Properties>
    </Item>
    <Item class="ReflectionMetadataClass">
      <Properties>
        <string name="Name">StarterGui</string>
        <bool name="Preliminary">true</bool>
        <string name="ExplorerOrder">3</string>
        <string name="ExplorerImageIndex">46</string>
      </Properties>
    </Item>
    <Item class="ReflectionMetadataClass">
      <Properties>
        <string name="Name">CoreGui</string>
        <bool name="Browsable">false</bool>
        <bool name="Preliminary">true</bool>
      </Properties>
    </Item>

    <Item class="ReflectionMetadataClass">
      <Properties>
        <string name="Name">Sky</string>
        <string name="ExplorerOrder">0</string>
        <string name="ExplorerImageIndex">28</string>
      </Properties>
    </Item>
    <Item class="ReflectionMetadataClass">
      <Properties>
        <string name="Name">Motor</string>
        <bool name="Preliminary">true</bool>
        <string name="ExplorerOrder">0</string>
      </Properties>
    </Item>
    <Item class="ReflectionMetadataClass">
      <Properties>
        <string name="Name">Humanoid</string>
        <string name="ExplorerOrder">3</string>
        <string name="ExplorerImageIndex">9</string>
      </Properties>
      <Item class="ReflectionMetadataFunctions">

        <Item class="ReflectionMetadataMember">
          <Properties>
            <string name="Name">MoveTo</string>
            <bool name="Preliminary">true</bool>
          </Properties>
        </Item>
        <Item class="ReflectionMetadataMember">
          <Properties>
            <string name="Name">Jump</string>
            <bool name="Preliminary">true</bool>
          </Properties>
        </Item>
        <Item class="ReflectionMetadataMember">
          <Properties>
            <string name="Name">Sit</string>
            <bool name="Preliminary">true</bool>
          </Properties>
        </Item>
        <Item class="ReflectionMetadataMember">
          <Properties>
            <string name="Name">TakeDamage</string>
            <string name="summary">Decreases health by the amount.  Use this instead of changing health directly to make sure weapons are filtered for things such as ForceField(s).</string>
            <bool name="Preliminary">true</bool>
          </Properties>
        </Item>
      </Item>
    </Item>
    <Item class="ReflectionMetadataClass">
      <Properties>
        <string name="Name">Visit</string>
        <bool name="Browsable">false</bool>
      </Properties>
    </Item>
    <Item class="ReflectionMetadataClass">
      <Properties>
        <string name="Name">BodyColors</string>
        <bool name="Preliminary">true</bool>
        <string name="ExplorerOrder">0</string>
      </Properties>
    </Item>
    <Item class="ReflectionMetadataClass">
      <Properties>
        <string name="Name">Shirt</string>
        <string name="ExplorerOrder">0</string>
        <string name="ExplorerImageIndex">43</string>
      </Properties>
    </Item>
    <Item class="ReflectionMetadataClass">
      <Properties>
        <string name="Name">Pants</string>
        <string name="ExplorerOrder">0</string>
        <string name="ExplorerImageIndex">44</string>
      </Properties>
    </Item>
    <Item class="ReflectionMetadataClass">
      <Properties>
        <string name="Name">ShirtGraphic</string>
        <bool name="Preliminary">false</bool>
        <string name="ExplorerOrder">0</string>
        <string name="ExplorerImageIndex">40</string>
      </Properties>
    </Item>
    <Item class="ReflectionMetadataClass">
      <Properties>
        <string name="Name">Skin</string>
        <bool name="Preliminary">true</bool>
        <string name="ExplorerOrder">0</string>
      </Properties>
    </Item>
    <Item class="ReflectionMetadataClass">
      <Properties>
        <string name="Name">DebugSettings</string>
        <bool name="Browsable">false</bool>
        <string name="ExplorerOrder">0</string>
      </Properties>
    </Item>
    <Item class="ReflectionMetadataClass">
      <Properties>
        <string name="Name">FaceInstance</string>
        <bool name="Browsable">false</bool>
      </Properties>
    </Item>
    <Item class="ReflectionMetadataClass">
      <Properties>
        <string name="Name">GameSettings</string>
        <bool name="Browsable">false</bool>
        <string name="ExplorerOrder">0</string>
      </Properties>
    </Item>
    <Item class="ReflectionMetadataClass">
      <Properties>
        <string name="Name">GlobalSettings</string>
        <bool name="Browsable">false</bool>
        <string name="ExplorerOrder">0</string>
      </Properties>
    </Item>
    <Item class="ReflectionMetadataClass">
      <Properties>
        <string name="Name">Item</string>
        <bool name="Browsable">false</bool>
        <string name="ExplorerOrder">0</string>
      </Properties>
    </Item>
    <Item class="ReflectionMetadataClass">
      <Properties>
        <string name="Name">NetworkPeer</string>
        <bool name="Browsable">false</bool>
      </Properties>
    </Item>
    <Item class="ReflectionMetadataClass">
      <Properties>
        <string name="Name">NetworkSettings</string>
        <bool name="Browsable">false</bool>
        <string name="ExplorerOrder">0</string>
      </Properties>
    </Item>
    <Item class="ReflectionMetadataClass">
      <Properties>
        <string name="Name">PVInstance</string>
        <bool name="Browsable">false</bool>
      </Properties>
      <Item class="ReflectionMetadataProperties">
        <Item class="ReflectionMetadataMember">
          <Properties>
            <string name="Name">CoordinateFrame</string>
            <bool name="Deprecated">true</bool>
            <string name="summary">Deprecated. Use CFrame instead</string>
          </Properties>
        </Item>
      </Item>
    </Item>
    <Item class="ReflectionMetadataClass">
      <Properties>
        <string name="Name">RenderSettings</string>
        <bool name="Browsable">false</bool>
        <string name="ExplorerOrder">0</string>
      </Properties>
    </Item>
    <Item class="ReflectionMetadataClass">
      <Properties>
        <string name="Name">RootInstance</string>
        <bool name="Browsable">false</bool>
      </Properties>
    </Item>
    <Item class="ReflectionMetadataClass">
      <Properties>
        <string name="Name">ServiceProvider</string>
        <bool name="Browsable">false</bool>
      </Properties>
    </Item>
    <Item class="ReflectionMetadataClass">
      <Properties>
        <string name="Name">ProfilingItem</string>
        <bool name="Browsable">false</bool>
      </Properties>
    </Item>
    <Item class="ReflectionMetadataClass">
      <Properties>
        <string name="Name">NetworkMarker</string>
        <bool name="Browsable">false</bool>
      </Properties>
    </Item>

    <Item class="ReflectionMetadataClass">
      <Properties>
        <string name="Name">Hopper</string>
        <bool name="Deprecated">true</bool>
        <string name="summary">Use StarterPack instead</string>
        <string name="ExplorerOrder">0</string>
      </Properties>
    </Item>

    <Item class="ReflectionMetadataClass">
      <Properties>
        <string name="Name">Instance</string>
        <bool name="Browsable">false</bool>
      </Properties>
      <Item class="ReflectionMetadataFunctions">

        <Item class="ReflectionMetadataMember">
          <Properties>
            <string name="Name">GetDebugId</string>
            <bool name="Browsable">false</bool>
            <string name="summary">This function is for internal testing. Don't use in production code</string>
          </Properties>
        </Item>
        <Item class="ReflectionMetadataMember">
          <Properties>
            <string name="Name">Clone</string>
            <string name="summary">Returns a copy of this Object and all its children. The copy's Parent is nil</string>
          </Properties>
        </Item>
        <Item class="ReflectionMetadataMember">
          <Properties>
            <string name="Name">children</string>
            <bool name="Deprecated">true</bool>
            <string name="summary">Use GetChildren() instead</string>
          </Properties>
        </Item>
        <Item class="ReflectionMetadataMember">
          <Properties>
            <string name="Name">GetChildren</string>
            <string name="summary">Returns a read-only table of this Object's children</string>
          </Properties>
        </Item>
        <Item class="ReflectionMetadataMember">
          <Properties>
            <string name="Name">Remove</string>
            <string name="summary">Sets the Parent property to nil and calls Remove() on all children</string>
          </Properties>
        </Item>
      </Item>
      <Item class="ReflectionMetadataEvents">

        <Item class="ReflectionMetadataMember">
          <Properties>
            <string name="Name">ChildAdded</string>
            <string name="summary">Fired after a child is added</string>
          </Properties>
        </Item>
        <Item class="ReflectionMetadataMember">
          <Properties>
            <string name="Name">ChildRemoved</string>
            <string name="summary">Fired after a child is removed</string>
          </Properties>
        </Item>
        <Item class="ReflectionMetadataMember">
          <Properties>
            <string name="Name">Changed</string>
            <string name="summary">Fired after a property changes value.  The property argument is the name of the property</string>
          </Properties>
        </Item>
      </Item>
    </Item>

    <Item class="ReflectionMetadataClass">
      <Properties>
        <string name="Name">BodyGyro</string>
        <string name="summary">Attempts to maintain a fixed orientation of its parent Part</string>
        <string name="ExplorerOrder">14</string>
        <string name="ExplorerImageIndex">14</string>
      </Properties>
      <Item class="ReflectionMetadataProperties">

        <Item class="ReflectionMetadataMember">
          <Properties>
            <string name="Name">maxTorque</string>
            <string name="summary">The maximum torque that will be exerted on the Part</string>
          </Properties>
        </Item>
      </Item>
    </Item>
    <Item class="ReflectionMetadataClass">
      <Properties>
        <string name="Name">BodyPosition</string>
        <string name="ExplorerOrder">14</string>
        <string name="ExplorerImageIndex">14</string>
      </Properties>
    </Item>
    <Item class="ReflectionMetadataClass">
      <Properties>
        <string name="Name">RocketPropulsion</string>
        <bool name="Preliminary">true</bool>
        <string name="ExplorerOrder">14</string>
        <string name="ExplorerImageIndex">14</string>
        <string name="summary">A propulsion system that mimics a rocket</string>
      </Properties>
    </Item>
    <Item class="ReflectionMetadataClass">
      <Properties>
        <string name="Name">BodyVelocity</string>
        <string name="ExplorerOrder">14</string>
        <string name="ExplorerImageIndex">14</string>
      </Properties>
    </Item>
    <Item class="ReflectionMetadataClass">
      <Properties>
        <string name="Name">BodyAngularVelocity</string>
        <string name="ExplorerOrder">14</string>
        <string name="ExplorerImageIndex">14</string>
      </Properties>
    </Item>
    <Item class="ReflectionMetadataClass">
      <Properties>
        <string name="Name">BodyForce</string>
        <string name="ExplorerOrder">14</string>
        <string name="ExplorerImageIndex">14</string>
      </Properties>
    </Item>
    <Item class="ReflectionMetadataClass">
      <Properties>
        <string name="Name">BodyThrust</string>
        <string name="ExplorerOrder">14</string>
        <string name="ExplorerImageIndex">14</string>
      </Properties>
    </Item>
    <Item class="ReflectionMetadataClass">
      <Properties>
        <string name="Name">Hole</string>
        <bool name="Preliminary">true</bool>
        <string name="ExplorerOrder">0</string>
      </Properties>
    </Item>
    <Item class="ReflectionMetadataClass">
      <Properties>
        <string name="Name">Feature</string>
        <string name="ExplorerOrder">0</string>
      </Properties>
    </Item>

    <Item class="ReflectionMetadataClass">
      <Properties>
        <string name="Name">Teams</string>
        <string name="summary">This Service-level object is the container for all Team objects in a level. A map that supports team games must have a Teams service. &lt;a href="http://wiki.roblox.com/index.php?title=RBX.lua.Teams" target="_blank"&gt;More info&lt;/a&gt;</string>
        <string name="ExplorerOrder">14</string>
        <string name="ExplorerImageIndex">23</string>
      </Properties>
    </Item>

    <Item class="ReflectionMetadataClass">
      <Properties>
        <string name="Name">Team</string>
        <string name="summary">The Team class is used to represent a faction in a team game. The only valid location for a Team object is under the Teams service. &lt;a href="http://wiki.roblox.com/index.php?title=RBX.lua.Team" target="_blank"&gt;More info&lt;/a&gt;</string>
        <string name="ExplorerOrder">1</string>
        <string name="ExplorerImageIndex">24</string>
      </Properties>
    </Item>

    <Item class="ReflectionMetadataClass">
      <Properties>
        <string name="Name">HtmlService</string>
        <string name="ExplorerOrder">20</string>
        <bool name="Preliminary">true</bool>
        <string name="ExplorerImageIndex">27</string>
      </Properties>
    </Item>

    <Item class="ReflectionMetadataClass">
      <Properties>
        <string name="Name">HtmlWindow</string>
        <bool name="Preliminary">true</bool>
        <string name="ExplorerOrder">0</string>
        <string name="ExplorerImageIndex">26</string>
      </Properties>
    </Item>

    <Item class="ReflectionMetadataClass">
      <Properties>
        <string name="Name">SpawnLocation</string>
        <string name="ExplorerOrder">3</string>
        <string name="ExplorerImageIndex">25</string>
      </Properties>
    </Item>
    <Item class="ReflectionMetadataClass">
      <Properties>
        <string name="Name">NetworkClient</string>
        <string name="ExplorerOrder">3</string>
        <string name="ExplorerImageIndex">16</string>
      </Properties>
    </Item>

    <Item class="ReflectionMetadataClass">
      <Properties>
        <string name="Name">NetworkServer</string>
        <string name="ExplorerOrder">3</string>
        <string name="ExplorerImageIndex">15</string>
      </Properties>
    </Item>

    <Item class="ReflectionMetadataClass">
      <Properties>
        <string name="Name">Script</string>
        <string name="ExplorerOrder">3</string>
        <string name="ExplorerImageIndex">6</string>
      </Properties>
      <Item class="ReflectionMetadataProperties">

        <Item class="ReflectionMetadataMember">
          <Properties>
            <string name="Name">LinkedScript</string>
            <bool name="Preliminary">true</bool>
            <string name="summary">This property is under development. Do not use</string>
          </Properties>
        </Item>
      </Item>
    </Item>

    <Item class="ReflectionMetadataClass">
      <Properties>
        <string name="Name">LocalScript</string>
        <string name="ExplorerOrder">4</string>
        <string name="ExplorerImageIndex">18</string>
      </Properties>
    </Item>

    <Item class="ReflectionMetadataClass">
      <Properties>
        <string name="Name">NetworkReplicator</string>
        <string name="ExplorerOrder">3</string>
        <string name="ExplorerImageIndex">29</string>
      </Properties>
    </Item>

    <Item class="ReflectionMetadataClass">
      <Properties>
        <string name="Name">Model</string>
        <string name="ExplorerOrder">10</string>
        <string name="ExplorerImageIndex">2</string>
      </Properties>
      <Item class="ReflectionMetadataFunctions">

        <Item class="ReflectionMetadataMember">
          <Properties>
            <string name="Name">move</string>
            <bool name="Deprecated">true</bool>
            <string name="summary">Use MoveTo() instead</string>
          </Properties>
        </Item>
      </Item>
    </Item>

    <Item class="ReflectionMetadataClass">
      <Properties>
        <string name="Name">DataModel</string>
      </Properties>
      <Item class="ReflectionMetadataFunctions">

        <Item class="ReflectionMetadataMember">
          <Properties>
            <string name="Name">get</string>
            <bool name="Deprecated">true</bool>
            <string name="summary">Use GetObjects() instead</string>
          </Properties>
        </Item>
      </Item>
    </Item>

    <Item class="ReflectionMetadataClass">
      <Properties>
        <string name="Name">HopperBin</string>
        <string name="ExplorerOrder">24</string>
        <string name="ExplorerImageIndex">22</string>
      </Properties>
    </Item>

    <Item class="ReflectionMetadataClass">
      <Properties>
        <string name="Name">Camera</string>
        <string name="ExplorerOrder">5</string>
        <string name="ExplorerImageIndex">5</string>
      </Properties>
    </Item>

    <Item class="ReflectionMetadataClass">
      <Properties>
        <string name="Name">Players</string>
        <string name="ExplorerOrder">2</string>
        <string name="ExplorerImageIndex">21</string>
      </Properties>
      <Item class="ReflectionMetadataFunctions">

        <Item class="ReflectionMetadataMember">
          <Properties>
            <string name="Name">players</string>
            <bool name="Deprecated">true</bool>
            <string name="summary">Use GetPlayers() instead</string>
          </Properties>
        </Item>
      </Item>
    </Item>

    <Item class="ReflectionMetadataClass">
      <Properties>
        <string name="Name">Lighting</string>
        <string name="ExplorerOrder">3</string>
        <string name="ExplorerImageIndex">13</string>
      </Properties>
    </Item>

    <Item class="ReflectionMetadataClass">
      <Properties>
        <string name="Name">Debris</string>
        <string name="ExplorerOrder">10</string>
        <string name="ExplorerImageIndex">30</string>
      </Properties>
      <Item class="ReflectionMetadataProperties">
        <Item class="ReflectionMetadataMember">
          <Properties>
            <string name="Name">MaxItems</string>
            <bool name="Deprecated">true</bool>
            <string name="summary">Deprecated. No replacement</string>
          </Properties>
        </Item>
      </Item>
    </Item>

    <Item class="ReflectionMetadataClass">
      <Properties>
        <string name="Name">Accoutrement</string>
        <string name="ExplorerOrder">0</string>
        <string name="ExplorerImageIndex">32</string>
      </Properties>
    </Item>

    <Item class="ReflectionMetadataClass">
      <Properties>
        <string name="Name">Player</string>
        <string name="ExplorerOrder">1</string>
        <string name="ExplorerImageIndex">12</string>
      </Properties>
      <Item class="ReflectionMetadataProperties">

        <Item class="ReflectionMetadataMember">
          <Properties>
            <string name="Name">CharacterAppearance</string>
            <bool name="Browsable">false</bool>
          </Properties>
        </Item>
      </Item>
      <Item class="ReflectionMetadataFunctions">

        <Item class="ReflectionMetadataMember">
          <Properties>
            <string name="Name">playerFromCharacter</string>
            <bool name="Deprecated">true</bool>
            <string name="summary">Use GetPlayerFromCharacter() instead</string>
          </Properties>
        </Item>
        <Item class="ReflectionMetadataMember">
          <Properties>
            <string name="Name">SetUnder13</string>
            <bool name="Deprecated">true</bool>
          </Properties>
        </Item>
      </Item>
      <Item class="ReflectionMetadataEvents">

        <Item class="ReflectionMetadataMember">
          <Properties>
            <string name="Name">Idled</string>
            <string name="summary">Fired periodically after the user has been AFK for a while.  Currently this event is only fired for the *local* Player.  "time" is the time in seconds that the user has been idle.</string>
          </Properties>
        </Item>
      </Item>
    </Item>

    <Item class="ReflectionMetadataClass">
      <Properties>
        <string name="Name">Workspace</string>
        <string name="ExplorerOrder">1</string>
        <string name="ExplorerImageIndex">19</string>
      </Properties>
    </Item>

    <Item class="ReflectionMetadataClass">
      <Properties>
        <string name="Name">BasePart</string>
        <string name="summary">A structural class, not creatable</string>
        <string name="ExplorerOrder">-1</string>
      </Properties>
      <Item class="ReflectionMetadataProperties">

        <Item class="ReflectionMetadataMember">
          <Properties>
            <string name="Name">Color</string>
            <bool name="Deprecated">true</bool>
            <string name="summary">Deprecated. Use BrickColor instead</string>
          </Properties>
        </Item>
      </Item>
      <Item class="ReflectionMetadataEvents">

        <Item class="ReflectionMetadataMember">
          <Properties>
            <string name="Name">OutfitChanged</string>
            <bool name="Deprecated">true</bool>
          </Properties>
        </Item>
      </Item>
    </Item>
    <Item class="ReflectionMetadataClass">
      <Properties>
        <string name="Name">Part</string>
        <string name="summary">A plastic building block - the fundamental component of ROBLOX</string>
        <string name="ExplorerOrder">11</string>
        <string name="ExplorerImageIndex">1</string>
      </Properties>
    </Item>
    <Item class="ReflectionMetadataClass">
      <Properties>
        <string name="Name">TrussPart</string>
        <string name="summary">An extendable building truss</string>
        <string name="ExplorerOrder">12</string>
        <string name="ExplorerImageIndex">1</string>
      </Properties>
    </Item>
    <Item class="ReflectionMetadataClass">
      <Properties>
        <string name="Name">WedgePart</string>
        <string name="summary">A Wedge Part</string>
        <string name="ExplorerOrder">12</string>
        <string name="ExplorerImageIndex">1</string>
      </Properties>
    </Item>
    <Item class="ReflectionMetadataClass">
      <Properties>
        <string name="Name">PrismPart</string>
        <string name="summary">A Prism Part</string>
        <string name="ExplorerOrder">12</string>
        <string name="ExplorerImageIndex">1</string>
      </Properties>
    </Item>
    <Item class="ReflectionMetadataClass">
      <Properties>
        <string name="Name">PyramidPart</string>
        <string name="summary">A Pyramid Part</string>
        <string name="ExplorerOrder">12</string>
        <string name="ExplorerImageIndex">1</string>
      </Properties>
    </Item>
    <Item class="ReflectionMetadataClass">
      <Properties>
        <string name="Name">ParallelRampPart</string>
        <string name="summary">A ParallelRamp Part</string>
        <string name="ExplorerOrder">12</string>
        <string name="ExplorerImageIndex">1</string>
      </Properties>
    </Item>
    <Item class="ReflectionMetadataClass">
      <Properties>
        <string name="Name">RightAngleRampPart</string>
        <string name="summary">A RightAngleRamp Part</string>
        <string name="ExplorerOrder">12</string>
        <string name="ExplorerImageIndex">1</string>
      </Properties>
    </Item>
    <Item class="ReflectionMetadataClass">
      <Properties>
        <string name="Name">CornerWedgePart</string>
        <string name="summary">A CornerWedge Part</string>
        <string name="ExplorerOrder">12</string>
        <string name="ExplorerImageIndex">1</string>
      </Properties>
    </Item>
    <Item class="ReflectionMetadataClass">
      <Properties>
        <string name="Name">PlayerGui</string>
        <string name="summary">A container instance that syncs data between a single player and the server.  ScreenGui objects that are placed in this container will be shown to the Player parent only</string>
        <bool name="Preliminary">true</bool>
        <string name="ExplorerOrder">13</string>
        <string name="ExplorerImageIndex">46</string>
      </Properties>
    </Item>
    <Item class="ReflectionMetadataClass">
      <Properties>
        <string name="Name">GuiMain</string>
        <string name="summary">Deprecated, please use ScreenGui</string>
        <bool name="Deprecated">true</bool>
        <string name="ExplorerOrder">14</string>
        <string name="ExplorerImageIndex">47</string>
      </Properties>
    </Item>
    
    <Item class="ReflectionMetadataClass">
      <Properties>
        <string name="Name">ScreenGui</string>
        <string name="summary">The core GUI object on which tools are built.  Add Frames/Labels/Buttons to this object to have them rendered as a 2D overlay</string>
        <bool name="Preliminary">true</bool>
        <string name="ExplorerOrder">14</string>
        <string name="ExplorerImageIndex">47</string>
      </Properties>
    </Item>
    <Item class="ReflectionMetadataClass">
      <Properties>
        <string name="Name">BillboardGui</string>
        <bool name="Browsable">false</bool>
      </Properties>
    </Item>
    <Item class="ReflectionMetadataClass">
      <Properties>
        <string name="Name">GuiObject</string>
        <bool name="Browsable">false</bool>
      </Properties>
      <Item class="ReflectionMetadataProperties">
        <Item class="ReflectionMetadataMember">
          <Properties>
            <string name="Name">BackgroundColor</string>
            <bool name="Deprecated">true</bool>
            <string name="summary">Deprecated. Use BackgroundColor3 instead</string>
          </Properties>
        </Item>
        <Item class="ReflectionMetadataMember">
          <Properties>
            <string name="Name">BorderColor</string>
            <bool name="Deprecated">true</bool>
            <string name="summary">Deprecated. Use BorderColor3 instead</string>
          </Properties>
        </Item>
      </Item>
    </Item>

    <Item class="ReflectionMetadataClass">
      <Properties>
        <string name="Name">Frame</string>
        <string name="summary">A container object used to layout other GUI objects</string>
        <bool name="Preliminary">true</bool>
        <string name="ExplorerOrder">15</string>
        <string name="ExplorerImageIndex">48</string>
      </Properties>
    </Item>
    <Item class="ReflectionMetadataClass">
      <Properties>
        <string name="Name">ImageLabel</string>
        <string name="summary">A GUI object containing an Image</string>
        <bool name="Preliminary">true</bool>
        <string name="ExplorerOrder">18</string>
        <string name="ExplorerImageIndex">49</string>
      </Properties>
    </Item>
    <Item class="ReflectionMetadataClass">
      <Properties>
        <string name="Name">TextLabel</string>
        <string name="summary">A GUI object containing text</string>
        <bool name="Preliminary">true</bool>
        <string name="ExplorerOrder">19</string>
        <string name="ExplorerImageIndex">50</string>
      </Properties>
      <Item class="ReflectionMetadataProperties">
        <Item class="ReflectionMetadataMember">
          <Properties>
            <string name="Name">TextColor</string>
            <bool name="Deprecated">true</bool>
            <string name="summary">Deprecated. Use TextColor3 instead</string>
          </Properties>
        </Item>
      </Item>
    </Item>
    <Item class="ReflectionMetadataClass">
      <Properties>
        <string name="Name">TextButton</string>
        <string name="summary">A GUI button containing text</string>
        <bool name="Preliminary">true</bool>
        <string name="ExplorerOrder">17</string>
        <string name="ExplorerImageIndex">51</string>
      </Properties>
      <Item class="ReflectionMetadataProperties">
        <Item class="ReflectionMetadataMember">
          <Properties>
            <string name="Name">TextColor</string>
            <bool name="Deprecated">true</bool>
            <string name="summary">Deprecated. Use TextColor3 instead</string>
          </Properties>
        </Item>
      </Item>
    </Item>
    <Item class="ReflectionMetadataClass">
      <Properties>
        <string name="Name">TextBox</string>
        <string name="summary">A text entry box</string>
        <bool name="Preliminary">true</bool>
        <string name="ExplorerOrder">17</string>
        <string name="ExplorerImageIndex">51</string>
      </Properties>
      <Item class="ReflectionMetadataProperties">
        <Item class="ReflectionMetadataMember">
          <Properties>
            <string name="Name">TextColor</string>
            <bool name="Deprecated">true</bool>
            <string name="summary">Deprecated. Use TextColor3 instead</string>
          </Properties>
        </Item>
      </Item>
    </Item>  
    <Item class="ReflectionMetadataClass">
      <Properties>
        <string name="Name">ImageButton</string>
        <string name="summary">A GUI button containing an Image</string>
        <bool name="Preliminary">true</bool>
        <string name="ExplorerOrder">16</string>
        <string name="ExplorerImageIndex">52</string>
      </Properties>
    </Item>
    <Item class="ReflectionMetadataClass">
      <Properties>
        <string name="Name">Handles</string>
        <string name="summary">A 3D GUI object to represent draggable handles</string>
        <bool name="Preliminary">true</bool>
        <string name="ExplorerOrder">19</string>
        <string name="ExplorerImageIndex">53</string>
      </Properties>
    </Item>
    <Item class="ReflectionMetadataClass">
      <Properties>
        <string name="Name">ArcHandles</string>
        <string name="summary">A 3D GUI object to represent draggable arc handles</string>
        <bool name="Preliminary">true</bool>
        <string name="ExplorerOrder">20</string>
        <string name="ExplorerImageIndex">56</string>
      </Properties>
    </Item>
    <Item class="ReflectionMetadataClass">
      <Properties>
        <string name="Name">SelectionBox</string>
        <string name="summary">A 3D GUI object to represent the visible selection around an object</string>
        <bool name="Preliminary">true</bool>
        <string name="ExplorerOrder">21</string>
        <string name="ExplorerImageIndex">54</string>
      </Properties>
    </Item>
    <Item class="ReflectionMetadataClass">
      <Properties>
        <string name="Name">SurfaceSelection</string>
        <string name="summary">A 3D GUI object to represent the visible selection around a face of an object</string>
        <bool name="Preliminary">true</bool>
        <string name="ExplorerOrder">21</string>
        <string name="ExplorerImageIndex">55</string>
      </Properties>
    </Item>
    <Item class="ReflectionMetadataClass">
      <Properties>
        <string name="Name">Configuration</string>
        <string name="summary">An object that can be placed under parts to hold Value objects that represent that part's configuration</string>
        <bool name="Preliminary">true</bool>
        <string name="ExplorerOrder">22</string>
        <string name="ExplorerImageIndex">58</string>
      </Properties>
    </Item>
    <Item class="ReflectionMetadataClass">
      <Properties>
        <string name="Name">SelectionPartLasso</string>
        <string name="summary">A visual line drawn representation between two part objects</string>
        <bool name="Preliminary">true</bool>
        <string name="ExplorerOrder">22</string>
        <string name="ExplorerImageIndex">57</string>
      </Properties>
    </Item>
    <Item class="ReflectionMetadataClass">
      <Properties>
        <string name="Name">SelectionPointLasso</string>
        <string name="summary">A visual line drawn representation between two positions</string>
        <bool name="Preliminary">true</bool>
        <string name="ExplorerOrder">22</string>
        <string name="ExplorerImageIndex">57</string>
      </Properties>
    </Item>
    <Item class="ReflectionMetadataClass">
      <Properties>
        <string name="Name">Pose</string>
        <string name="summary">The pose of a joint relative to it's parent part in a keyframe</string>
        <bool name="Preliminary">true</bool>
        <string name="ExplorerOrder">22</string>
        <string name="ExplorerImageIndex">60</string>
      </Properties>
    </Item>
    <Item class="ReflectionMetadataClass">
      <Properties>
        <string name="Name">Keyframe</string>
        <string name="summary">One keyframe of an animation</string>
        <bool name="Preliminary">true</bool>
        <string name="ExplorerOrder">22</string>
        <string name="ExplorerImageIndex">60</string>
      </Properties>
    </Item>
    <Item class="ReflectionMetadataClass">
      <Properties>
        <string name="Name">Animation</string>
        <string name="summary">Represents a linked animation object, containing keyframes and poses.</string>
        <bool name="Preliminary">true</bool>
        <string name="ExplorerOrder">22</string>
        <string name="ExplorerImageIndex">60</string>
      </Properties>
    </Item>
    <Item class="ReflectionMetadataClass">
      <Properties>
        <string name="Name">AnimationTrack</string>
        <string name="summary">Returned by a call to LoadAnimation, controls the playback of an animation on a Humanoid</string>
        <bool name="Preliminary">true</bool>
        <string name="ExplorerOrder">22</string>
        <string name="ExplorerImageIndex">60</string>
      </Properties>
    </Item>
    <Item class="ReflectionMetadataClass">
      <Properties>
        <string name="Name">CharacterMesh</string>
        <string name="summary">Modified the appearance of a body part</string>
        <bool name="Preliminary">true</bool>
        <string name="ExplorerOrder">22</string>
        <string name="ExplorerImageIndex">60</string>
      </Properties>
    </Item>  </Item>
</roblox>
